Sample,"ethyne, fluoro-","butane, 2-methyl-",pentane,"cyclopropane, ethyl-","2-butene, 2-methyl-","cyclopropane, 1,2-dimethyl-",2-pentene,cyclopropane,"1-Butene, 3-methyl-","cyclopropane, 1,1-dimethyl-","Pyrimidine-2,4(1H,3H)-dione, 5-amino","pentane, 2-methyl-",vinyl ether,"pyrimidine-2,4[1h,3h]-dione, 5-amino-6-nitroso-",acetaldehyde,"Pentane, 3-methyl-","1,3-pentadiene","1,4-petadiene",n-hexane,"cyclopentane, methyl-",cyclopropaneethanol,"Hexane, 3,4-dimethyl-",1-Methyl-3-butenyl 3-methyl-3-hydroxybutyl ether,"1-Butene, 3,3-dimethyl-","2-butene, 2,3.dimethyl-",dimethyl sulfide,2-pentyne,"3,4,5-Trimethyldihydrofuran-2-one","cyclopentane, methyl-","propane, 2-ethoxy-2-methyl-",trimethylene oxide,propanal,"hexane, 2-methyl-","heptanal, 2-methyl-",butane,"2-pentanol, 3-methyl-","2-hexanone, 5-methyl-","1-Propen-2-ol, acetate","hexane, 3-methyl",acetone,"2-Pentanone, 3-methyl-","2-Penten-1-ol, 4-methyl-","3-hexen-1-ol, acetate, (Z)-","2-hexen-1-ol, acetate, (Z)-","3-hexen-1-ol, acetate, (E )-","1-pentyne, 4-methyl-","propanal, 2-methyl-","acetic acid, methyl ester",heptane,"hexane, 3-methyl-","cyclopentane, 1,2-dimethyl-,cis-","1-octene, 3,7-dimethyl-","1,5-pentanediol, 3-methyl-","Butane, 1-methoxy-3-methyl-",3-ethyl-2-pentanol,4-methyl-5-hexen-2-ol,methacrolein,glutaraldehyde,heptanal,"1,4-butanediamine",ethyl acetate,2-butanone,methylene chloride,"butanal, 3-hydroxy-","heptane, 3-methyl-",l-lactic acid,octanal,Methyltartronic acid,ethanol,4-penten-2-ol,isopropyl alcohol,3-methyl-3-chloro-1-butene,diidopropyl ether,octane,"hexane, 2,4-dimethyl-",1-octanol,"1-pentanol, 2-ethyl-",2-octene,"1-octene, 3,7-dimethyl-",4-Methyl-5-hexen-2-ol,"cyclopentene, 4,4-dimethyl-","3-octene, (Z)-",3-hepten-1-ol,"furan, 2-ethyl-","3-Hexyne-2,5-diol",2-nonenal,"propanoic acid, ethyl ester","2-octene, (E )-","1-propen-2-ol, formate","2-butanone, 3-methyl-",2-pentanone,pentanal,3-pentanone,"butanal, 3-methyl-",cyclopentanol,"propanoic acid, 2.methyl-,ethyl ester",4-ethylcyclohexanol,"butanoic acid, methyl ester",n-butyric acid 2-ethylhexyl ester,"butanoic acid, 2,2-dimethyl-, methyl ester","pentane, 2,2,3,3-tetramethyl-","1-butanol, 2,2-dimethyl-","Ether, tert-butyl isopropylidenecyclopropyl","1,2.cyclopentanediol, 3-methyl-","2-pentenal, 2-methyl-","hexanal, 3,5,5-trimethyl-",4-pentenal,1-pente-3-one,"2-heptanol, 3-methyl-","hexane, 3-methyl-4-methylene-","acetic acid, ethoxy-, ethyl ester",1-propanol,"butanoic acid, 2-methyl-, methyl ester","butane, 2-cyclopropyl-","hexane, 1-methoxy-",1-hexanol,"3-buten-2-ol, 2-methyl-","2-hexanol, 3,4-dimethyl-",methyl isovelerate,"Acetic acid, phenyl-, 3-hexenyl ester","cyclobutene, 2-propenylidene-",toluene,"3-hexene, 1-methoxy, (Z)-","butanoic acid, ethyl ester","cyclopropane, hexylidene-","propanoic acid, 1-methylethyl ester","butanoic acid, 2-methyl-, ethyl ester","1-propanol, 2-methyl",1-butanol,"acetic acid, hexyl ester",hexanal,"cyclobutanol, 2-ethyl-","butanoic acid, 3-methyl-,ethyl ester",methyl valerate,b-myrcene,"3-Hexanol, 4-methyl-",4-methoxy-1-pentene,2-butanol-3-methyl,5-hexyn-3-ol,3-pentanol,"Methoxyacetic acid, octyl ester","propanoic acid, hexyl ester","formic acid, heptyl ester",2-pentanol,2-pentyn-1-ol,(S)-(+)-2-pentanol,"2-pentenal, (E )-",cyclobut-1-enylmethanol,"butane, 2,2,3,3-tetramethyl-","2,2,7,7-tetramethyloctane","heptane, 2,2,4,6,6-pentamethyl-",Ethylbenzene,"1.pentanol, 2-ethyl-4-methyl-","4-pentenal, 2-methyl-",1-butanol,ethylbenzene,cis-hept-4-enol,3-hexenal,"1-butanol, 3-methyl-, acetate",decane,"1,6-heptadien-3-yne, 5-methyl-",p-xylene,"butanoic acid, propyl ester","benzene, (3,3-dimethylbutyl)-",1-penten-3-ol,"pentanoic acid, ethyl ester",Methanesulfonyl chloride,"2-butenoic acid, ethyl ester, (Z)-","1,7-nonadiene, 4,8-dimethyl-","1,6-octadiene, 5,7-dimethyl-, (R )-","bicyclo[3.3.1]heptane, 2,6,6-trimethyl-, [1R-81a,2a,5a)]","Z,Z,Z-4,6,9-nonadecatriene","cyclopropane, 1-methylene-2-(4,4-diethoxybutyl)-","pivalic acid, 2-methylpropyl ester"," 7-Oxabicyclo[4.1.0]heptane, 3-oxiranyl-","ethanone, 1-[2-(1-hydroxy-1-methylethyl)cyclopropyl]-","propanoic acid, 2-methyl-, 2-ethyl-3-hydroxyhexyl ester","2-butenal, 3-methyl-","2-pentenal, (E )-",xylene,2-heptanone,heptanal,2-hexyn-1-ol,"1-butanol, 3-methyl-",1-pentanol,"pentanoic acid, 4-methyl-, methyl ester","hexanoic acid, methyl ester",3-nonyn-2-ol,2-hexenal,"propanoic acid, 2,2-dimethyl-, heptyl ester","2-Buten-1-ol, 3-methyl-, acetate","2-penten-1-ol, acetate, (Z)-","cyclobutane, butyl-",3-penten-1-ol,"2-penten-1-ol, 2-methyl-","3-methylpent-2-ene-1,5-diol","propanoic acid, 2-methyl-, 2-methylbutyl ester",1-pentanol,"cyclohexene, 1-methyl-4-(1-methylethenyl)-,(S)-","butanoic acid, butyl ester","bicyclo[4.3.0]octa-1,3,5-triene",styrene,"3-Cyclopentylpropionic acid, 2-phenylethyl ester","bicyclo[4.2.0]octa-1,3,5-triene",eucalyptol,"furan, 2-pentyl-","Benzene, 1,2,4-trimethyl-","hexanoic acid, ethyl ester",acetoin,"5-hexen-2-one, 5-methyl-3-methylene-","5-hexen-2-ol, 5-methyl-","cyclohexene, 3-propyl-","cyclohexene, 3-(1-methylethyl)-",3-octanone,"3-hepten-2-ol, (E )-",trans-b-ocimene,"(1S)-2,6,6-trimethylbicyclo[3.1.1]hept-2-ene","1,3,6-octatriene, 3,7-dimethyl-,(Z)-",b-ocimene,"Acetic acid, hexyl ester",2-octanone,octanal,"2-penten-1-ol, (Z)","cyclopentanol, 3-methyl-",4-methyl-2-hexanol,"2-heptanol, 6-methyl-","4-penten-1-ol, 3-methyl-,acetate","2-heptenal, (Z)-","4-hexen-1-ol, acetate, (Z)-","5-hepten-2-one, 6-methyl-",1-hexanol,tetradecane,": 1,5-Pentanediol, 3-methyl-","4-Penten-1-ol, 3-methyl-","cyclohexane, 2-ethenyl-1, 1-dimethyl-3-methylene-"," Butanoic acid, 3-hydroxy-3-methyl-, methyl ester","ether, tert-butyl 3,3-dimethylbutyl","2-tridecene, (Z)-","1-octene, 6-methyl-",1-undecanol,"1-octene, 6-methyl-",1-decene,3-hexen-1-ol,"3-tridecene, (E )-","2,4-dodecadienal, (E,E )-",1-heptyne,"2,4-hexadienal, (E, E)-","benzene, (methoxymethyl)-","2-hexen-4-yn-1-ol, (E )","ethanol, 2-butoxy-","2-hexen-1-ol, (E )","2-hexen-1-ol, (Z)-","3-hexen-1-ol, (Z)-","4-hexen--1-ol, (E )-","2-hexen-1-ol, (E )","1,3-cyclohexadiene, 1,3,5,6-tetramethyl-","cyclopropane, trimethyl(2-methyl-1-propenylidene)-","2,4,6.octatriene, 2,6.dimethyl- (E,Z)-"," Cyclopropanecarboxylic acid, 2,2-dimethyl-3-cis-[α-(carboxymethyl)-allyl]-",2-nonanone,"furan, tetrahydro-2,2,4,4-tetramethyl-",1-ethyl-2-methylcyclohexanol,: α-Methyl-α-[4-methylpentyl]oxiranmethanol,"4,8-decadienal, 5,9-dimethyl-","3-octen-2-one, (E )-",nonanal,acetic acid,"2-nonenal, (Z)","2-octenal, (E )-",1-nonen-3-ol,3-buten-2-ol ,1-octen-3-ol,"cyclohexanecarboxylic acid, ethyl ester","benzene, 4-ethenyl-1,2-dimethyl-",1-heptanol,1-nonanol,"2-furanmethanol, 5-ethenyltetrahydro-a,a, 5-trimethyl-,cis-","1-hexyne, 5-methyl-","2,4-heptadienal, (E, E)-","5-hepten-2-ol, 6-methyl-","2,6-dimethyl-1,3,5,7-octatetraene, E,E-",3-decyn-2-ol,formic acid,"octanoic acid, ethyl ester","2,4-heptadienal, (E, E)-","1-methoxymethoxy-hexa-2,4-diene","1-hexanol, 2-ethyl-","Acetic acid, N'-[3-(1-hydroxy-1-phenylethyl)phenyl]hydrazide","Cyclohexene, 3-ethenyl-4-(1-methylethenyl)-","2-hepten-1-ol, (E )-","Z,Z,Z-1,4,6,9-nonadecatetraene","1,2-epoxy-5,9-cyclododecadiene",7-oxabicyclo[4.1.0]heptan-2-one,benzaldehyde,propanoic acid,"Ethanol, 2-nitro-, propionate (ester)","3,5-octadien-2-one, (E, E)-",methyl 6-oxaheptanoate,2-methyl-3-decanol,"octan-2-one, 3,6-dimethyl-","benzaldehyde, 2,5-bis[(trimethylsilyl)oxy]-","eicosane, 3-methyl-",nonadecane,15-octadecenal,3-cyclopropylcarbonyloxytridecane,"propanoic acid, 2-ethyl-","propanoic acid, 2-methyl-","2-nonenal, (Z)-","1,6-octadien-3-ol, 3,7-dimethyl-",1-octanol,dimethyl sulfoxide,"Oxirane, (3,3-dimethylbutyl)-","hydroxylamine, o-decyl-",tetradecane,"3,5-octadien-2-one, (E, E)-",(E )-4-oxohex-2-enal,"2(5H)-furanone, 5-ethyl-","nonanoic acid, ethyl ester","1,2,4-metheno-1h-indene, octahydro-1,7a","1,3-hexanediol, 2-ethyl-",copaene,butanoic acid,"butanoic acid, 4-hydroxy-",pentanoic acid,butyrolactone,"benzoic acid, methyl ester",E-2-hexenyl benzoate,"acetic acid, nonyl ester","octadecane, 3-ethyl-5-(2-ethylbutyl)-","ethanol, 2-(octadecyloxy)-",trans-α-Bergamotene,"Hexanoic acid, 2-methyl-",E-2-hexenyl benzoate,"methanone, 1,3.dithian-2-ylphenyl-",trans-2-undecenoic acid,"butanoic acid, 3-methyl-","cycloheptasiloxane, tetradecamethyl-","2(3H)-furanone, 5-ethenyldihydro-5-methyl-","2-decenal, (E )-","2-decenal, (Z)-",1-nonanol,"benzoic acid, ethyl ester","2-pyrrolidinone, 1-methyl-",nonadecane,tetradecane,"decane, 2-methyl-","1,3,6,10-Dodecatetraene, 3,7,11-trimethyl-, (Z,E)-","Bicyclo[3.1.1]hept-2-ene, 2,6-dimethyl-6-(4-methyl-3-pentenyl)-",trans-a-bergamotene,cis-b-famesene,"1,11-hexadecadiyne",aromandendrene,b-copaene,"cyclopentanol, 2,2-dichloro-1,4-dimethyl-","2(3H).furonone, 5-ethyldihydro-","1-butanol, 4-butoxy-","docosanoic acid, ethyl ester","famesene epoxide, E-","cyclohexanecarbonitrile, 2-hydroxy-,trans-",pentanoic acid,3-heptenoic acid,6-heptenoic acid,"Cyclohexene, 3-(1,5-dimethyl-4-hexenyl)-6-methylene-, [S-(R*,S*)]-","Oxime-, methoxy-phenyl-_","cyclopentanone, 2-(2-octenyl)-",7-Formylbicyclo[4.1.0]heptane,"2-Oxatricyclo[4.3.1.0(3,8)]decan-10-one","1H-Indene, 1-methylene-",naphtalene," Oxirane, 2-(chloromethyl)-2-(1,1-dimethylethyl)-","2(5H)-Furanone, 5-ethyl-",(E )-4-oxohex-2-enal,"4-ethylbenzoic acid, cyclohexyl ester",methyl salicylate,levomenthol,17-octadecynoic acid,"1,2-15,16-diepoxyhexadecane",2-undecenal,"9-octadecen-12-ynoic acid, methyl ester","Bicyclo[3.1.0]hexan-3-ol, 4-methyl-1-(1-methylethyl)-","9,12,15-octadecatrien-1-ol (Z,Z,Z)-", Aromandendrene,Alloaromadendrene,naphtalene,7-epi-cis-sesquisabinene hydrate,"limonen-6-ol, pivalate",a-muurolene,cubedol,b-curcumene,a-famesene,1-undecyne,"2,4-decadienal, (E,E)-",hexanoic acid,mequinol,pentanoic acid,cubedol,"ethanone, 1-(1-cyclohexen-1-yl)-","phenol, 2-methoxy-",benzyl alcohol,"Propanoic acid, 2-methyl-, 2-ethyl-3-hydroxyhexyl ",dimethyl sulfone,"5,9-undecadien-2-one, 6,10-dimethyl-, (Z)-","1H-Indene, 1-ethylidene-",phenylethyl alcohol,"1,4-butanediol","12,15-Octadecadiynoic acid, methyl ester","2(3H)-furanone, 5-heptyldihydro-","oxetane, 2-methyl-4-propyl-",heptanoic acid,"Cyclopropanetetradecanoic acid, 2-octyl-, methyl ester",n-decanoic acid,"3-hexenoic acid, (E )-","2H-pyran-2-methanol, terahydro-","heptane, 2,3-epoxy-",2-hexenoic acid,"Ethanol, 2,2'-oxybis-","carbamic acid, phenyl ester",phenol,"2,6-Bis(1,1-dimethylethyl)-4-(1-oxopropyl)phenol","3,5-heptadienal, 2-ethylidene-6-methyl-","phenol, 4-ethyl-2-methoxy-","2(3H)-furanone, 5-heptyldihydro-",octanoic acid,"1-octanol, 2-nitro-",5-nonanol,"benzoic acid, 2-methoxy-, methyl ester","1,6,10-Dodecatrien-3-ol, 3,7,11-trimethyl-, [S-(Z)]-",nerolidyl acetate,9-hexadecenoic acid,pinocarvone,"phenol, 3-methyl-",cyclohexanecarboxylic acid,deoxyspergualin,"2-cyclohexen-1-one, 6-butyl-3-methoxy-",nonanoic acid,"phenol, 4-ethyl","phenol, 3-ethyl","octadecane, 6-methyl-"," 1,4-Benzenediol, 2,6-bis(1,1-dimethylethyl)-", ???7-Hexadecyn-1-ol,"Benzaldehyde, 2-methyl-","Benzothiazole, 2-(methylthio)-","Decanoic acid, decyl ester",homosalate
M1,0.00167104969730632,0,0.147382124512138,0,0.0438683086015243,0,0.0409822356672134,0,0,0.0074075871980644,0,0,0,0.0592606975845152,0,0,0,0.0513720982307323,0.108901152054661,0,0.0186825121281053,0,0,0,0.0294379439299702,0.71574608770908,0,0,0,0.0305923731036945,0,0,0.0196252959533135,0,0,0,0,0,0.0153539080105335,0,0,0,0,0,0,0,0.0327088265888558,0.738834671183566,0,0.186632716418765,0,0,0.00931239533470953,0,0,0.0219341543007621,0,0,0,5.40657663027558,0.0164698562118003,0,0,0,0,0,0,0,0,11.9868229205042,1.13619925528441,0,0,0,0.0627239851056882,0,0.00838885199573008,0,0,0,0,0,0.271290855825216,0,0,0,0,0,0,0,1.13518868749558,0,0,0,0.045215142637536,0.0338632557625801,0,6.67644872137233,0,0,0,0,0,0,0,0,0,0,0,0,0,0,0,0,0,0.0517569079553071,0,1.51037816895599,0,0,0,0,0.373265432837531,0.321316120019936,0,0,0.139685930020643,1.3622264249947,0,0,0.0686885358365972,0,0.10158976728774,0,0,0,0,0,0,0.242430126482108,0,0,0,0.074075871980644,0,0,0,0.101012552700878,0,0,0.200101056778883,0,0,0,0,0,0,0.151422626620174,0.829264956458638,0.139301120296068,0,0.463695718112603,0,0.0911999047242215,0.139108715433781,0,0,0.174318805232373,0,0,0,0,0,0,0,0,0,0,0.0361721141100288,0.0900454755504971,0,1.90865623389088,0,0,0.0346328752117297,0,1.79321331651845,0,0.058683482997653,0,0,0,0,0.158734011387094,0,0,0,0.0711897990463332,0.177589687891258,0,0,0.147189719649851,0,0,0,0,0,0.390581870443396,0.050217669057008,0,0,0,0,0,0,1.4872895854815,0,0,0.114288488198708,0,0,0.506024787815828,0.0879290220653359,0,0,0,0,1.75492651797052,0.0467543815358351,3.828856759519,0.24101136175365,0,0,0,0.07898308049261,0,0,0,0,8.79290220653359,0,0,0.390581870443396,0,0,0,0,0.7657713519038,0,0,0.0584910781353657,0,0,0,0,1.16212536821582,0,0,0,0,0,0,0,0,0,18.6825121281053,1.16212536821582,0,0,0,0,0,0,0,0,0,0,0,0,0,0,0,0,0,0,0,0,0,0,0,0,0,0,0,0,0,0,0,0,0,0,0,0,0,0,0,0,0,0,0,0.0877366172030485,0,0,0,0,0,0.202025105401756,0,1.11787224988972,0,0.856201637178872,0,0,0,0.250126320973603,0,0,0,0,0,0,0,0,0,0,0,0,0,0,0,0.0377113530083279,0,0,0,0,0,0,0,0,0,0,0,0,0,0,0,0,0,0,0,0,0.0704201795971837,0,0,0,0,0,0,0,0,0,0,0,0.151615031482461,0,0,0,0,0,0,0,0,0,0,0,0,0.856201637178872,0,0,0.0538733614404684,0,0,0.113903678474133,0,0.167777039914602,0,0,0,0.350176849363044,0,0,0.0288607293431081,0,0.265518709956594,0,0,0,0,0,0,0,0,0.0162966918357417,0,0,0,0.110247986090673,0,0,0,0,0,0.0611847462073891,0,0,0.531037419913188,0,0,0,0,0,0,0,0,0,0,0,0,0,0,0,0,0,0
M2,0.00258597889713878,0,0.160901431987784,0,0,0,0,0,0,0.0552403533782945,0,0.176101797682482,0,0,0.0719236815797928,0.0604307221520939,0,0.463425783374954,0.00324815502308132,0,0,0.0559818346316944,0,0.39669247056896,0,0.0404107283102959,0,0.0493085033510951,0,0.0182404388336382,0,0,0.0608014627787939,0,0,0,0,0,0,0,0.889777504079911,0,0,0,0,0,0,0.186853275856781,4.67133189641953,0,0,0,0,0,0,0,0,0,0,0,15.0149953813485,0,0,0,0,0,0,0,0,3.25881010869267,2.2,0,0,0.307343979534269,0,0,0,0,0.0310309904547869,0,0,0,0,0,0,0.253215848036075,0,0,0,0,0.327363973376067,0,0.448596158306955,0,0.0630259065389937,0.060059981525394,0,7.26651628331927,0,0,0,0,0,0,0,0,0,0,0,0,0,0,0,0,0.0544988721248945,0.0216512525992778,0,0,0.326622492122667,0,0,1.60901431987784,0.456010970840954,0.166833282014983,0.0178155439233962,0,1.53857360080485,0,0,0,0.0615429440321938,0,0.214658822859278,0,0,0,0,0,0,0.407814689369959,0,0,0,0.147184028799885,0,0,0,0,0,0,0.337003229670266,0,0,0,0,0,0,0.257293994929774,1.22715147437688,0.448596158306955,0,0.340339895310566,0,0,0.0456010970840954,0,0,0,0,0,0,0,0,0,0,0,0,0.10009996920899,0,0,0.09972922858229,2.17624747872878,0,0,0.0361472111032464,0,1.93155866510681,0,0.0276572507518172,0,0.059689240898694,0,0,0.179438463322782,0,0,0,0.0963925629419903,0.168316244521783,0,0,0.544988721248945,0,0,0,0,0,0,1.83516610216482,0,0,0,0,0,0,0.0945388598084905,0,1.07144041116289,0,0.830459003807917,0,0,0.116041816157088,0,0,0,0,1.009996920899,0.0745188659666925,4.0039987683596,0.288806948199271,0.210209935338879,0,1.48666991306685,0.78755254487902,0,0,0,0,0,0,0,0.39669247056896,0,0,0,0,0.760018284734924,0,0,0.0347754707844565,0,0,0,0,0,0.0678455346860932,0,12.9017738091587,0,0,0,0,0,0,0,0.0167204022641683,0.0585770190185941,0,0,0,0.142364400652786,0,0,0.117895519290588,0,0,0,0.0328476195256167,0,0.0734066440865926,0,0,0,0,0.0404107283102959,0,0.0952803410618904,0.0249137701142375,0,0,0,0,0,0,0.0467133189641953,0,0,0,0,0.0711822003263929,0,0,0,0,0,0,0,2.45430294875375,0,0.0192785125883981,0,0.0286953245065771,0,0,0,0.231342151060777,0,1.37915513132386,0,0.245059554248675,0,0,0,0.29473879822647,0,0,0,0,0,0,0,0,0,0.156823285094084,0,0,0,0,0.0748896065933925,0,0,0,0,0,0.0157935506974184,0,0,0.0293626576346371,0,0,0,0.0756310878467924,0,0,0,0,0,0,0,0,0,0,0,0,0.10195367234249,0,0,0.0626551659122937,0,0,0,0,0.170911428908683,0,0,0,0,0,0,0,0,0,0,0,0,1.12705150516789,0,0,0.178326241442682,0,0,0,0,0,0,0,0,0.0467133189641953,0,0,0,0.29473879822647,0.191302163377181,0,0,0,0,0,0,0,0,0.0448596158306955,0,0,0,0,0,0.00048799476470636,0,0,0,0.0633966471656936,0,0,0.126051813077987,0,0,0,0,0,0,0,0,0,0,0,0,0,0,0,0,0,0
M3,0,0,0.0417939063012996,0,0,0,0.0292851667392909,0,0,0.00589872914639822,0,0,0,0.0847651057378471,0,0,0.0261457183786299,0,0.00905044097721805,0,0,0,0,0,0,0.130777645773785,0,0,0,0.0230724927568266,0,0,0.421127565254293,0,0,0,0,0,0,0,0.0214120188973208,0,0,0,0,0,0,0.844217285733998,0,0.0968323603741379,0,0,0,5.76383097465106,0,0,0,0,0,0,14.6769210860902,0,0,0,0,0,0,0,0,0,2.31779586001926,0,0,0.0358338598041073,0,0,0.0242988397727098,0,0,0,0,0,0,0,0,0.119397145466389,0,0,0,0,0.222434821740896,0,0.974945877627148,0,0,0.0357848059234719,0,0.0324246150999519,0,0,0,0,0,0,0,0,0,0,5.09424550397883,0,0,0,0,0,0,0,0,0,0,0,0.191506350000321,0,0.744637908044282,0.215542751511632,0.0784371551358898,0,0.364960871926842,0,0,0,0.065055877030162,0,0.0586193873592172,0,0,0,0,0,0,0,0,0,0,0.220104762410718,0,0,0,0,0,0,0.121261192930531,0,0,0.131930411968715,0,0,0,0,0.0935702773118886,0.608022850474893,0,0,0,0.431428880187712,0,0,0,0,0,0,0,0,0,0,0,0,0,0.0618078896005135,0,0.0661982119173754,0,0,0.0452276779457726,1.45886241009466,0,1.47088061085032,0,0,0.0505500239947057,0,0,0,0,0,0.100388766720199,0,0,0.0523404906378952,0.102203760303706,0,0,0,0,0.00800559331968556,0,0,0,0,0.333811657723408,0,0,0,0,0.0482199646645276,0,0,0,0,1.06128070754533,0.789031670019254,0,0,0.494953655610462,0,0,0,0,2.0809389030482,0.17413004291675,0.057687363627146,2.99228671875502,0,0,0.374281109247554,0.807426875257502,0,0,0,0,2.36317069960694,0,0,7.77994546876305,0,0,0,0,0.192070469627628,0,0,0.5754020198524,0,0,0,0,0,0.0399053318968395,0,0,0,0,0,0.0479501683210333,0,0,0,0.7869146516927,0,0,0,0,0.0462087555584792,0,0,0.0947720973874541,0,0,0,0,0,0,0,0.151846287506658,0,0,0,0,0,0,0,0.0271513229316542,0,0,0,0,0.0499613774270818,0,0,0,0,0.0540573764601317,0,0,0,0,0,0,0,0,0.076450472970159,1.23223348155944,0,0,0,0,0,0.0363489255507782,0,0.124645910694369,0,0.658793616932458,0,0,0,0.289663165151613,0,0,0,0,0,0,0,0,0,0,0,0,0,0,0.224446030846944,0,0,0,0,0,0,0,0,0,0,0,0,0,0,0,0,0,0,0,0,0,0,0,0,0,0,0,0,0,0,0,0,0,0,0,0,0,0,0,0,0,0,0,0,0,0,0.0866046262616719,0,0,0.442220733927484,0,0,0,0,0,0,0,0,0.0607287042265363,0,0,0,0,0.171026354835072,0,0,0,0,0,0,0,0,0.172154594089684,0,0,0,0.0234943561302904,0,0,0,0,0,0,0,0,0.0280588197234077,0,0.0144022193545324,0,0,0,0,0,0,0.0759844611041234,0,0,0,0,0,0,0,0,0
M4,0,0.26321616231718,0,0,0,0,0,0,0.138669209345302,0,0,0,0,0,0.272736076211765,0,0.170570377760271,0,0.484191647088848,0,0,0,0,0,0.0981307680590875,0.318696455212777,0,0,0,0.0644643175974411,0.0664187370062632,0,0,0,0,0,0,0,0,0,0.117801053722072,0,0,0,0,0,0,0.778930703096708,0.233237890417343,0,0,0,0,0,0,0,0,0,0,0,3.69763542991679,0,0,0,0,0,0,0,0,0,6.5570170970088,0,0,2.86133306030304,0,0,0,0,0.379220411098883,0,0,0,0,0,0,0,0,0,0,0,0.0190114571848492,0,0.816758175525524,0,0,0.038836205026918,0,0.0492072370511518,0,0,0,0,0,0,0,0,0,0,0,0,0,0,6.1217459547301,0,0.114333535416097,0,0,0,0,0,0,1.28865589407501,0.464016995126813,0.41799357033842,0,0,1.50238111329782,0,0,0,0.0623207608264748,0,0.213441513179596,0,0,0,0,0,0,0,0,0,0,0,0,0,0,0,0,0,0.0617848716337332,0,0,0,0,0.951676160521636,0,0,0,0.529269385066521,0,0.0434070246120667,0,0,0,0,0,0,0,0,0,0,0,0,0,0,0,0.0941273605603711,0,0.120764205728996,0.0622577150390934,1.17769530828381,0,0,1.78640238545085,0,0,0,0.0927403532379812,0,0,0,0,0,0,0,0,0,0,0,0,0.353371638272525,0,0,0,0,0,0.0221763557113935,0,0,0,0,0,0.0671122406674582,0,1.63824478510465,0,1.24231724034971,0,0.176402113093047,0,0,0,0,0,0,0,3.58295968196679,0.194365058309788,3.08356946082234,2.8768730903431,0,0,0,0.5429593995217,0,0,0.322479202455659,0,0,0,0,0,0,0,0,0,0.687199082456829,0,0,0.0794376921005142,0,0,0,0,0,24.1307751202157,0,0,0,0,0,0,0,0,0,0.0729754988939247,0,0,0,0,0.174762922621131,0,0,0,0,0,0,1.10487742385834,0,0,0,0.0576868954539448,0,0,0,0,0,0,0,0.0952937076269263,0,0,0,0.112883482306326,0,0,0,0,0,0.0586325822646652,0,0,0,0,0,0,0,2.21259190814884,0,0.0758440822197766,0,0,0.181761005020462,0,0,0,0,1.43555257867358,0,0.08990329280582,0,0,0,0,0,0,0,0,0,0,0,0,0,0,0,0,0,0,0.0899663385932013,0,0,0,0,0,0,0,0,0,0,0,0,0,0,0,0,0,0,0,0,0,0,0,0,0,0,0,0,0,0,0,0,0,0.156290506918393,0,0,0,0,0,0,0,0,0,0,0,0,0.957350281385958,0,0,0.0667024430494793,0,0,0,0,0,0,0,0,0.0918892351083328,0.203574847454413,0,0,0,0.0611859366536103,0,0,0,0,0,0,0,0,0,0,0,0,0,0,0,0,0,0,0,0,0,0.147243436429167,0,0,0,0,0,0,0,0,0,0,0,0,0,0,0,0,0,0
M5,0,0,0.473750044891637,0,0,0,0.183387114151602,0,0,0.01,0,0,0,0,0.599828685870863,0,0.379382092401126,0,0.347289347424595,0,0,0,0,0,0.272024219324876,0.508135128795063,0,0,0,0.0752651280997198,0.204400220981473,0,0,0.147855860784729,0,0,0,0,0,0.385877052693995,0.201343769078946,0,0,0,0,0,0,1.38304448589333,0,0.327422410058172,0,0,0,0,0,0,0,0,0,0,5.57802472211121,0,0,0,0,0,0,0,0,0,8.0081668394836,0,0,2.8081151854464,0,0,0,0,0.278137123129929,0,0,0,0,0,0,0,0,0,0,0,0.306409303228301,0,0,0,1.34483883711174,0.0450826655622687,0,0.0462288350257162,0,0,0,0,0,0,0,0,0,0,6.87701678068506,0,0,0,0,0,0.377853866449862,0,0,0,0,0,0,1.3945061805278,0.376707696986415,0.469929480013479,0,0,1.83387114151602,0,0,0,0.0534879082942171,0,0.375179471035152,0,0,0,0,0,0,0,0,0,0,0.247190547616846,0,0,0,0,0,0,1.88353848493207,0,0,0,0,0,0,0,0,0.0492852869282429,0,0,0,0,0,0,0,0,0,0,0,0,0,0,0,0,0,0.120347793661989,0,0.114616946344751,0.101244969271197,1.54350821077598,0,0.0485211739526112,0,0,1.70015137078047,0,0.134483883711174,0,0,0,0,0,0,0,0,0.0431723831231895,0.144799408882202,0,0,0.199051430152051,0,0,0,0,0,0.0492852869282429,1.6428428976081,0,0,0,0,0,0,0,0,1.38686505077149,0,0.81760088392589,0,0,0.132955657759911,0,0,0,0,7.0480856295565,0.231427431808648,3.67920397766651,3.33506353981448,0,0,1.38304448589333,0.12621006841103,0,0,0,0,0,0,0,7.22086761971931,0,0,0,0,0.0733548456606406,0,0,0.0920756135636166,0,0,0,0,0,9.01653311245374,0,0,0,0,0,0.0928397265392483,0,0,0,0.0790856929778782,0,0,0,0,0.128370979906121,0,0,0.109650212003145,0,0,0,1.38686505077149,0,0,0,0.228851836201686,0,0,0,0,0.15320465161415,0,0,0.0599828685870863,0,0,0,0.208602842347447,0,0,0,0,0,0.0668598853677714,0,0,0,0,0,0,0,3.33153257375409,0,0.0264765146056375,0,0,0.053869964782033,0,0,0.209749011810894,0,1.71543363029311,0,0.03377379352292,0,0,0,0,0.120347793661989,0,0,0,0,0,0.0121493963125436,0,0,0,0,0,0,0.147473804296913,0,0,0,0,0,0,0,0,0,0,0,0,0,0,0,0,0,0,0,0,0,0,0,0,0.0327804466545988,0,0,0,0,0,0,0,0,0,0.168486911126784,0,0,0,0,0,0.863447662463791,0,0,0,0,0,0,0.124168358540147,0,0,0.253685507909715,0,0,0,0,0,0,0,0,0.0122640132588884,0,0,0,0,0,0,0,0,0,0,0,0,0,0,0,0,0,0,0,0,0,0,0,0,0,0,0,0,0,0,0,0,0,0,0,0,0,0,0,0,0,0,0,0,0
M6,0,0.122540727021908,0,0,0,0,0,0,0,0.0136472271393308,0,0,0,0,0.295689921352167,0,0.174002146026468,0,0.841579006925399,0,0,0,0,0,0.211247703427558,0.0858638040849563,0,0,0,0.106050327561883,0.0887069764056502,0,0,0,0,0,0,0.201580917537199,0,0,0.0852951696208175,0,0,0,0,0,0,0.807460939077072,0,0.202433869233407,0,0,0,0,0,0,0,0,0,0,3.86671435614373,0,0.109177817114646,0,0,0,0,0,0,0,9.6570065148451,0,0,2.40532378330705,0,0.262424805200048,0,0,0,0,0,0,0,0,0,0,0,0,0,0,0.186512104237521,0,0,0,0.864324385490951,0.0312748955276331,0,0.0375298746331597,0,0,0,0,0,0,0,0,0,0,0,0,0,0,0,0,5.14614190045599,0,0,0,0,0,0.298533093672861,0,0.841579006925399,0.217502682533085,0.0452064398990333,0,0.372455574010903,0,0,0,1.64335360136108,0,0.0400887297217842,0,0,0,0,0.0870010730132338,0,0,0,0,0,0,0,0,0,0,0,0,0.239395109402428,0.203286820929615,0,0,0,0,0,0,0,1.2140345809363,0,0,0,0.312748955276331,0,0,0.128227071663296,0,0,0,0,0,0,0,0,0,0,0.0503241500762823,0,0.116570065148451,0.111736672203271,0.0887069764056502,0,0,1.20550506397422,0,0.0321278472238413,0,1.58080381030582,0,0,0,0,0,0,0,0,0.124815264878463,0.0525986879328374,0,0,0.117991651308798,0,0,0,0,0,0.156943112102304,0.0875697074773726,0.0235983302617595,0,0,0,0.0280052473588351,0,1.42442933266765,0,1.00932617384634,0,0.793245077473603,0,0,0,0,0,0,0,7.08899129363771,3.9893142211499,0.141589981570557,3.92846749031473,0,0,0.239110792170358,0.23109361486047,0,0,0,0,0,0,0,5.20300534686987,0,0,0,0,6.19811565911274,0,0,0.150119498532639,0,0,0,0,0,0.665302323042376,0,0.061696839359058,0,0,0,0,0,0,0,0.115432796220173,0,0,5.7875729486938,0,0,0,0,0.0321278472238413,0,0,0,0.113158258363618,0,0,0,0.0978051278318707,0,0,0,0,0,0,0,2.13522241284113,0,0,0,0.0173717828794398,0,0,0,0,0,0.100079665688426,0,0,0,0,0,0,0,0.133060464608475,0.0594223015025028,0.118844603005006,0,0,0,0,0,0,0,2.15796779140668,0,0.218071316997223,0,0,0,0,1.56374477638165,0,0,0,0,0,0.0767656526587357,0,0,0,0,0,0,0.121119140861561,0,0,0,0,0,0,0,0,0,0,0,0,0,0,0,0,0,0,0,0,0,0,0,0,0.249061895292787,0,0,0,0,0,0,0,0,0,0,0,0,0,0,0,0,0,0,0,0,0,0,0.0432162192745475,0,0,0.170590339241635,0,0,0.810304111397766,0,0,0,0,0,0.0250767798685203,0,0,0,0,0.129080023359504,0,0,0,0,0,0,0,0,0,0,0,0,0,0,0,0,0,0,0,0,0,0.20101228307306,0,0,0,0,0,0,0,0,0,0.0540202740931844,0,0,0,0,0,0,0,0
M7,0,0.122540727021908,0,0,0,0,0,0,0,0.0136472271393308,0,0,0,0,0.295689921352167,0,0.174002146026468,0,0.841579006925399,0,0,0,0,0,0.211247703427558,0.0858638040849563,0,0,0,0.106050327561883,0.0887069764056502,0,0,0,0,0,0,0.201580917537199,0,0,0.0852951696208175,0,0,0,0,0,0,0.807460939077072,0,0.202433869233407,0,0,0,0,0,0,0,0,0,0,3.86671435614373,0,0.109177817114646,0,0,0,0,0,0,0,10.970065148451,0,0,2.40532378330705,0,0.262424805200048,0,0,0,0,0,0,0,0,0,0,0,0,0,0,0.186512104237521,0,0,0,0.864324385490951,0.0312748955276331,0,0.0375298746331597,0,0,0,0,0,0,0,0,0,0,0,0,0,0,0,0,5.14614190045599,0,0,0,0,0,0.298533093672861,0,0.841579006925399,0.217502682533085,0.0452064398990333,0,0.372455574010903,0,0,0,2.114646,0,0.0400887297217842,0,0,0,0,0.0870010730132338,0,0,0,0,0,0,0,0,0,0,0,0,0.239395109402428,0.203286820929615,0,0,0,0,0,0,0,1.2140345809363,0,0,0,0.312748955276331,0,0,0.128227071663296,0,0,0,0,0,0,0,0,0,0,0.0503241500762823,0,0.116570065148451,0.111736672203271,0.0887069764056502,0,0,1.20550506397422,0,0.0321278472238413,0,1.58080381030582,0,0,0,0,0,0,0,0,0.124815264878463,0.0525986879328374,0,0,0.117991651308798,0,0,0,0,0,0.156943112102304,0.0875697074773726,0.0235983302617595,0,0,0,0.0280052473588351,0,1.42442933266765,0,1.00932617384634,0,0.793245077473603,0,0,0,0,0,0,0,8.08899129363771,6.9893142211499,0.141589981570557,3.9846749031473,0,0,0.239110792170358,0.23109361486047,0,0,0,0,0,0,0,5.20300534686987,0,0,0,0,6.19811565911274,0,0,0.150119498532639,0,0,0,0,0,2.66530232304237,0,0.061696839359058,0,0,0,0,0,0,0,0.115432796220173,0,0,9.74,0,0,0,0,0.0321278472238413,0,0,0,0.113158258363618,0,0,0,0.0978051278318707,0,0,0,0,0,0,0,2.13522241284113,0,0,0,0.0173717828794398,0,0,0,0,0,0.100079665688426,0,0,0,0,0,0,0,0.133060464608475,0.0594223015025028,0.118844603005006,0,0,0,0,0,0,0,2.15796779140668,0,0.218071316997223,0,0,0,0,1.56374477638165,0,0,0,0,0,0.0767656526587357,0,0,0,0,0,0,0.121119140861561,0,0,0,0,0,0,0,0,0,0,0,0,0,0,0,0,0,0,0,0,0,0,0,0,0.249061895292787,0,0,0,0,0,0,0,0,0,0,0,0,0,0,0,0,0,0,0,0,0,0,0.0432162192745475,0,0,0.170590339241635,0,0,0.810304111397766,0,0,0,0,0,0.0250767798685203,0,0,0,0,0.129080023359504,0,0,0,0,0,0,0,0,0,0,0,0,0,0,0,0,0,0,0,0,0,0.20101228307306,0,0,0,0,0,0,0,0,0,0.0540202740931844,0,0,0,0,0,0,0,0
M8,0,0.122540727021908,0,0,0,0,0,0,0,0.0136472271393308,0,0,0,0,0.295689921352167,0,0.174002146026468,0,0.841579006925399,0,0,0,0,0,0.211247703427558,0.0858638040849563,0,0,0,0.106050327561883,0.0887069764056502,0,0,0,0,0,0,0.201580917537199,0,0,0.0852951696208175,0,0,0,0,0,0,0.807460939077072,0,0.202433869233407,0,0,0,0,0,0,0,0,0,0,3.86671435614373,0,0.109177817114646,0,0,0,0,0,0,0,11.970065148451,0,0,2.40532378330705,0,0.262424805200048,0,0,0,0,0,0,0,0,0,0,0,0,0,0,0.186512104237521,0,0,0,0.864324385490951,0.0312748955276331,0,0.0375298746331597,0,0,0,0,0,0,0,0,0,0,0,0,0,0,0,0,5.14614190045599,0,0,0,0,0,0.298533093672861,0,0.841579006925399,0.217502682533085,0.0452064398990333,0,0.372455574010903,0,0,0,3.11,0,0.0400887297217842,0,0,0,0,0.0870010730132338,0,0,0,0,0,0,0,0,0,0,0,0,0.239395109402428,0.203286820929615,0,0,0,0,0,0,0,1.2140345809363,0,0,0,0.312748955276331,0,0,0.128227071663296,0,0,0,0,0,0,0,0,0,0,0.0503241500762823,0,0.116570065148451,0.111736672203271,0.0887069764056502,0,0,1.20550506397422,0,0.0321278472238413,0,1.58080381030582,0,0,0,0,0,0,0,0,0.124815264878463,0.0525986879328374,0,0,0.117991651308798,0,0,0,0,0,0.156943112102304,0.0875697074773726,0.0235983302617595,0,0,0,0.0280052473588351,0,1.42442933266765,0,1.00932617384634,0,0.793245077473603,0,0,0,0,0,0,0,10.0889912936377,7.9893142211499,0.141589981570557,4.92846749031473,0,0,0.239110792170358,0.23109361486047,0,0,0,0,0,0,0,5.20300534686987,0,0,0,0,6.19811565911274,0,0,0.150119498532639,0,0,0,0,0,2.66530232304237,0,0.061696839359058,0,0,0,0,0,0,0,0.115432796220173,0,0,14.86,0,0,0,0,0.0321278472238413,0,0,0,0.113158258363618,0,0,0,0.0978051278318707,0,0,0,0,0,0,0,2.13522241284113,0,0,0,0.0173717828794398,0,0,0,0,0,0.100079665688426,0,0,0,0,0,0,0,0.133060464608475,0.0594223015025028,0.118844603005006,0,0,0,0,0,0,0,2.15796779140668,0,0.218071316997223,0,0,0,0,1.56374477638165,0,0,0,0,0,0.0767656526587357,0,0,0,0,0,0,0.121119140861561,0,0,0,0,0,0,0,0,0,0,0,0,0,0,0,0,0,0,0,0,0,0,0,0,0.249061895292787,0,0,0,0,0,0,0,0,0,0,0,0,0,0,0,0,0,0,0,0,0,0,0.0432162192745475,0,0,0.170590339241635,0,0,0.810304111397766,0,0,0,0,0,0.0250767798685203,0,0,0,0,0.129080023359504,0,0,0,0,0,0,0,0,0,0,0,0,0,0,0,0,0,0,0,0,0,0.20101228307306,0,0,0,0,0,0,0,0,0,0.0540202740931844,0,0,0,0,0,0,0,0
M9,0,0.122540727021908,0,0,0,0,0,0,0,0.0136472271393308,0,0,0,0,0.295689921352167,0,0.174002146026468,0,0.841579006925399,0,0,0,0,0,0.211247703427558,0.0858638040849563,0,0,0,0.106050327561883,0.0887069764056502,0,0,0,0,0,0,0.201580917537199,0,0,0.0852951696208175,0,0,0,0,0,0,0.807460939077072,0,0.202433869233407,0,0,0,0,0,0,0,0,0,0,3.86671435614373,0,0.109177817114646,0,0,0,0,0,0,0,12.970065148451,0,0,2.40532378330705,0,0.262424805200048,0,0,0,0,0,0,0,0,0,0,0,0,0,0,0.186512104237521,0,0,0,0.864324385490951,0.0312748955276331,0,0.0375298746331597,0,0,0,0,0,0,0,0,0,0,0,0,0,0,0,0,5.14614190045599,0,0,0,0,0,0.298533093672861,0,0.841579006925399,0.217502682533085,0.0452064398990333,0,0.372455574010903,0,0,0,4.4,0,0.0400887297217842,0,0,0,0,0.0870010730132338,0,0,0,0,0,0,0,0,0,0,0,0,0.239395109402428,0.203286820929615,0,0,0,0,0,0,0,1.2140345809363,0,0,0,0.312748955276331,0,0,0.128227071663296,0,0,0,0,0,0,0,0,0,0,0.0503241500762823,0,0.116570065148451,0.111736672203271,0.0887069764056502,0,0,1.20550506397422,0,0.0321278472238413,0,1.58080381030582,0,0,0,0,0,0,0,0,0.124815264878463,0.0525986879328374,0,0,0.117991651308798,0,0,0,0,0,0.156943112102304,0.0875697074773726,0.0235983302617595,0,0,0,0.0280052473588351,0,1.42442933266765,0,1.00932617384634,0,0.793245077473603,0,0,0,0,0,0,0,12.0889912936377,9.9893142211499,0.141589981570557,9.92846749031473,0,0,0.239110792170358,0.23109361486047,0,0,0,0,0,0,0,5.20300534686987,0,0,0,0,6.19811565911274,0,0,0.150119498532639,0,0,0,0,0,2.66530232304237,0,0.061696839359058,0,0,0,0,0,0,0,0.115432796220173,0,0,19.792461,0,0,0,0,0.0321278472238413,0,0,0,0.113158258363618,0,0,0,0.0978051278318707,0,0,0,0,0,0,0,2.13522241284113,0,0,0,0.0173717828794398,0,0,0,0,0,0.100079665688426,0,0,0,0,0,0,0,0.133060464608475,0.0594223015025028,0.118844603005006,0,0,0,0,0,0,0,2.15796779140668,0,0.218071316997223,0,0,0,0,1.56374477638165,0,0,0,0,0,0.0767656526587357,0,0,0,0,0,0,0.121119140861561,0,0,0,0,0,0,0,0,0,0,0,0,0,0,0,0,0,0,0,0,0,0,0,0,0.249061895292787,0,0,0,0,0,0,0,0,0,0,0,0,0,0,0,0,0,0,0,0,0,0,0.0432162192745475,0,0,0.170590339241635,0,0,0.810304111397766,0,0,0,0,0,0.0250767798685203,0,0,0,0,0.129080023359504,0,0,0,0,0,0,0,0,0,0,0,0,0,0,0,0,0,0,0,0,0,0.20101228307306,0,0,0,0,0,0,0,0,0,0.0540202740931844,0,0,0,0,0,0,0,0
