Sample,Type,Ethyl Acetate,Ethyl isobutyrate,Ethyl butanoate,Ethyl lactate,"2,4-Dimethyl-1-heptene","1-Pentanol, 3-methyl-",Ethyl 2-methylbutanoate,Ethyl 3-methylbutanoate,3-Hexen-1-ol*,Ethylbenzene,Xylene,1-Hexanol,Isoamyl Acetate,"2-Heptanone, 6-methyl-",1-Ethoxypropan-2-yl acetate,Unknown,3-(Methylthio)-1-propanol,"3(2H)-Thiophenone, dihydro-2-methyl-","Benzene, 1,3,5-trimethyl-",Ethyl hexanoate,Hexyl acetate,Limonene,2-Ethylhexanol,Benzyl alcohol,Beta-Ocimene,2-Nonanone,1-Octanol,4-Methyl Benzaldehyde,Terpinolene,2-Butoxyethyl acetate,ethyl 3-(methylthio)-propanoate,Cosmene,Nerol Oxide,Unknown,Linalool,Diethyl Succinate,Ethyl n-octanoate,Decanal,Nerol,Unknown,Unknown,Ethyl phenylacetate,2-Phenethyl acetate,Vitispirane,Geraniol,Ethyl nonanoate,Tridecane,"Pentanoic acid, 2,2,4-trimethyl-3-hydroxy-, isobutyl ester",Ethyl decanoate,Unknown,ethyl-3-methylbutyl butanedioate,Isoamyl octanoate,Geranyl acetone,3-Ethyl-3-phenyl-1-pentene,Pentadecane,"2,4-Di-tert-butylphenol",Unknown,Dehydro-ar-himachalene,α-Calacorene,Ethyl dodecanoate,"Pentanoic acid, 2,2,4-trimethyl-3-carboxyisopropyl, isobutyl ester",α-Corocalene,Unknown,Unknown,Unknown,Heptadecane,Ethyl tetradecanoate,Nonadecane,Eicosane
V+B 0.5,VB,181003718.018761,2857882.66824567,10858065.705655,2758317.244748,900772.964348667,2074222.89691567,3829991.75244533,5279495.536833,194976.375027333,4386084.318932,23417711.5983083,37603223.995743,281004247.367026,5758349.78818767,8578090.02509367,2670394.76876267,1540550.79368967,1796047.30432567,11453472.561385,138169461.239622,5258631.20185867,1828837.86003367,718535.792841,1536180.52963933,13088.0338076667,3811419.696513,652485.463936,165742844.842763,67613.9762666667,90500339.2079807,3034111.98822133,45090.5310376667,371719.922302,84755.2730513333,33169.7256586667,227058830.458166,266135600.136722,125900.189538667,43833.1180026667,76098.922645,2483827.60081667,2260593.098545,143113560.17193,58519.6144963333,2440.174036,1030902.94486833,1583097.475124,2228214.75573767,159671525.976283,6363.68838333333,861153.38615,980645.629314667,229957.561993333,3857.224069,10477363.9566883,61098128.993765,272677.217177,27362.9466763333,46680.1157276667,2221109.714621,1128155.167623,2181.19195933333,61830.490409,261772.617277333,1000314.972566,38729287.4566833,2537115.153586,17511475.359069,31269349.4718577
V+B 1,VB,160745467.424622,2698131.07488433,10162106.251588,2899327.17447367,723479.289969333,2043424.93941633,3651906.988836,5126051.126192,191295.008053333,4313519.254767,23852117.6465177,38743967.484222,283864593.709771,6273942.02471733,8743861.46627,2880090.48427067,1992101.54682233,1871730.57624233,11773591.0569977,152333623.648794,6001071.28707667,900637.657967333,769569.304533333,1904226.911797,25545.9217213333,3978314.73863733,675931.823803334,214741457.82069,59121.1309363333,118885755.189559,3753222.419012,30658.4486753333,421758.110301333,120358.892666,43811.1557436667,315817877.27951,389957465.143516,95326.5784593333,65085.4155893333,124221.668789667,2484494.80808467,3157650.36232333,209464244.494352,119689.306514667,5252.87487066667,1388998.744061,1014044.17243367,2668207.04312433,260680414.782544,6924.47534166667,1179230.05262333,1562634.062083,261003.214707,3185.77089433333,3327154.990106,69441970.306431,359157.529952667,73568.897847,84829.3295856667,2402663.65058433,1041990.67786633,2645.24263133333,90850.2928513333,3826352.95058933,1360223.838198,9441906.98777867,3317645.896099,5241484.502809,10707767.164217
V+B 1.5,VB,207744947.782094,3374380.054659,13138323.8324613,4542863.676216,970232.608145333,3070637.709308,4439449.457802,6240479.66039633,305027.294065333,4550260.86372467,25896938.1993033,55707033.1995283,309245385.654204,7020543.322208,14111181.3205857,4310756.576486,3516340.45498967,2193810.40061267,11781273.7311563,171635142.50971,5745864.88745067,844103.160787333,1054134.87560233,3080633.30680367,64131.0673066667,4654945.29086333,921553.831443334,286573718.32654,187011.814427667,193588713.788092,6164919.430379,53124.4907893333,586731.579875333,139391.435226,229413.857680333,460618217.849987,492624057.574779,110859.779775333,93925.1043436667,283116.000482,4061008.14611133,4957944.61236933,314596971.13017,365718.186043333,10628.1457113333,1850037.99123867,1477730.299511,4235554.97748,242237322.46575,10008.2539863333,1726538.750481,1529499.38311033,390985.579655333,3790.65797766667,2205749.99005433,83743826.344937,606580.339661667,213082.855511,134548.217757333,1829788.78647133,1528991.89110367,5257.13501366667,65613.2591173333,4036150.521043,1521227.23791733,4042632.71975033,2327634.150002,2391154.67340867,4886302.32426
V+B 2,VB,222956924.023879,3742948.18409267,14431196.21412,4913671.12513167,934419.851507333,3564713.09200067,5186678.84787967,7268475.33554033,365650.582648,4369330.20988233,25039237.2677267,64733188.148861,336141709.694577,5889343.35409333,14559796.8549423,4654667.27495067,3570892.988679,2422414.66820733,10584485.2255687,200177935.531685,6572898.62930533,925839.626695333,1229455.84721067,3458256.48036067,122086.754969333,5152957.096141,1081776.63167933,322613968.707523,313440.847542667,225749923.697963,7639631.63011767,73267.8882493334,769896.23384,129328.399998667,401842.972602333,509193911.518588,591945704.43799,115406.825458667,116851.949259333,380314.487929667,5911871.16812133,6657612.46917833,403038659.908806,668864.197097333,20497.545054,2918500.50186633,1234904.50209267,4573126.81290433,311782700.450357,7433.72064833333,2184892.919142,2008229.266286,629770.896600667,6033.538349,2115223.629089,92900072.8625947,593699.148217,289580.462402,179792.337242333,2415291.31932933,1886827.17991033,4882.98844233333,86043.8690403333,3614057.97042,2260001.35536267,2757975.055854,2332519.15147833,1266462.74310433,2599434.256503
V Control,Control,278278173.556222,7848182.405998,27791827.091047,4394919.425673,820724.694905,3983321.769857,13784347.567213,19979899.859765,292990.159539,3933950.086924,26209777.883924,67250277.790608,770080696.769097,528162.141472,1029681.846442,1966461.256495,4543243.074113,2423442.0645,3491602.4177,1380565813.85671,94474485.048673,4035408.711305,1732909.041902,3681161.635603,236574.505125,885076.98769,1199038.512787,35592482.834166,856071.464035,18215423.465686,6721949.382185,152604.645143,2192320.814479,181264.578595,1537694.404277,792995379.243996,2890783422.09766,84138.727763,236804.001614,435992.538501,468121.04318,11711300.972831,654874294.710251,3121576.90245,75389.697098,4761054.477668,3798245.334765,90749.281367,1093487616.68914,9168.73331,4674237.30179,3892297.450341,434732.422225,4899.011601,3310474.062302,32885158.881759,1273.937171,13905.919577,42230.837491,142371052.021459,12865.877628,6915.294616,333251.517288,508801.084462,1291486.984823,2195898.246201,4732288.512415,714461.69746,1267512.42417
V+P 0.5,VP,212951180.733637,3276612.334953,14408484.9018253,6072569.9413835,793675.62721375,4557834.337578,4417509.79496175,6298500.49890875,508087.09270275,4088142.46357375,23446436.3158545,79266882.2381457,339004231.381123,7916787.9363035,21975704.665951,6605681.14524525,7358269.7364955,2840636.68007725,11193933.655505,226550092.533233,6522686.97417225,1250220.291526,3822035.9397095,6040955.89945575,269582.38265675,5596488.814006,1727139.6276365,386842640.918317,791290.4599005,246684523.376157,11394161.0534198,174477.137256,913862.98630925,323098.78764625,1265304.05606725,789497382.269789,898138573.203292,407903.25818125,214782.9546475,656696.20339375,9065303.46447725,8123028.59188225,529975104.33115,1570113.06490675,43780.47657875,16138976.125006,4899380.62713075,10466547.2210248,391319895.698959,401942.2045045,3501254.5022955,2712212.43151175,877212.21700125,14738.76496425,1944486.63571,138918479.461913,21371348.8923283,10273440.0756023,9852509.71957225,2378281.894231,9227112.61800925,749838.73878725,83666.06928625,2725701.504685,17686530.7575765,1868535.28890475,1969299.78248175,717553.59283025,1246174.67895275
V+P 1,VP,205046402.869728,3171012.34527933,13422432.9269757,5412026.11199433,834080.517561333,4618794.85179367,4119353.44522,5907652.80856933,519967.667455,4170672.56458833,23682914.260673,83648786.647812,319221158.718082,8423270.26361633,23633303.3713167,6710953.21532933,6018561.21185,2964450.88740533,10577059.709961,213638141.041634,5690696.19987367,1443862.582637,4935518.445444,4598386.42050533,344102.377311333,5553414.93464033,1727372.39901067,398928058.978771,1056894.65093933,245984952.108357,11137159.533634,173932.723371667,906397.286012,242010.124362667,1377880.821731,636672118.532802,888971711.506124,494799.029066,174123.313237,508190.478132,5614929.59427767,7080156.37542633,469308113.207936,1796054.70906933,47247.8428766667,16275689.5339047,3973172.332785,8037548.63271467,345855289.078956,471724.643868333,2653712.80163733,2386807.27369967,870496.956362333,15203.423906,1355722.53575067,135753125.46858,19574000.8850307,11364911.06647,12270128.6377373,1927184.647393,10910411.2991263,904727.947117,62069.547149,1024754.99677933,7214572.55153833,1049498.38255433,1653783.391628,293628.349966,502605.859582
V+P 1.5,VP,223857502.626027,3459737.34520133,14907620.805209,5285109.07122733,1059649.286207,4970425.078603,4812905.13889533,6898087.628293,568309.119386667,5454800.21537733,31203772.616552,87018455.1490923,354917782.323085,9934772.101336,25418781.786302,7277991.45564833,5544666.18029767,2943336.21032533,12863604.975826,254970558.477594,6806477.396687,1835746.06867833,6346735.20550267,4480152.17565333,433221.019617333,6293115.475053,1738241.73590767,431201471.430235,1513714.72004233,257325933.253294,11139821.5324157,214033.149594667,1005309.508448,207258.384523333,1947817.249171,634164330.817326,1063004214.36297,566175.109940333,176733.838354667,488837.741047,8074433.67879167,6902159.029562,457112931.78173,2371688.28612467,57902.5021523333,19178728.4812787,3865688.80894633,7261691.50275133,418595736.522062,501183.088140333,2495104.40652467,2998607.33311567,776861.412966667,24738.3318063333,1309045.27474267,150167773.516964,21969970.151257,12050597.8591673,12912816.8874707,1692210.899107,10391257.2436227,883455.621983333,81772.0602756667,582181.154949667,6912573.70571067,908568.710162667,1359420.29591333,228941.322422,296353.897787333
V+P 2,VP,240795036.803708,4076216.16621433,16240278.9747723,5263518.475996,1169891.544036,5375088.155711,5340729.476316,7659747.70320033,584631.277414,5894383.24367567,33729371.7435077,92998834.4438597,373200724.307462,11059387.3788317,27128650.7120593,7987987.06009,5706130.819474,3110777.93801,13752550.2744513,274904220.467215,6910676.25938767,2056357.89814467,7714993.92321,4350134.48903467,529340.704761,6577443.620849,1771513.942579,483729028.505056,1871522.932299,266373772.338764,11347688.369959,268849.002610667,1129382.67934833,260819.121104,2407678.461395,628386193.237813,1127346113.18237,639528.548363667,164977.509362,522328.257339333,6302656.13078667,7696983.25083533,486197526.348106,3124096.64283133,71448.1165423333,22630615.884715,4283675.77100467,8208761.255685,437265007.601394,647396.753360333,2696816.478181,3316680.73321267,903319.006629333,34334.1390793333,1925128.446004,175368890.703951,27080089.941515,14750691.4469463,16517032.3077733,1964391.72127333,11924066.7667853,1129450.23842967,81877.8689273334,609822.328124667,9527617.05655933,1324379.205093,1642103.81337533,312086.744612,353721.975886667
M+B 0.5,MB,165696734.372592,970023.954325667,28822839.106145,2078075.10329133,551240.723017,5857682.23902033,1019302.40307933,2097685.41215,2608270.24977833,3453563.35357867,17941483.542811,39666256.9665557,959259943.519415,8449933.78254934,13432574.4492107,3726120.25669533,673809.709323,2102742.20200533,9437568.957947,262901150.546086,11534359.2600967,5561114.62623833,1173473.327738,2884466.32676167,3542048.83475833,4496987.2008,854286.432676333,243214553.890135,1312147.06094067,120403207.267659,307980159.337791,525731.648972333,5364405.34195867,1704617.66225167,1165088.00643167,108999702.758527,923065799.091664,223360.759969,1936695.29263333,1464608.888366,1808382.57023133,1227589.75970367,365447019.308197,45546.3387673333,93505.7502063333,3834671.89390167,874776.939867667,3163221.63509967,256714415.013887,18106.293697,614336.788635667,4877710.056282,343379.005107333,10256.3593583333,778983.239680667,78378083.5437657,420552.022689333,42536.905858,68058.7925053333,3350394.650489,1202469.90430667,1107.136284,77878.9903843333,4811377.44165067,414199.76734,551817.274248667,2551393.282671,133553.584584333,121269.605554
M+B 1,MB,158701800.584543,1265106.02741533,29840669.248773,3053759.289265,439122.939456333,7164834.806386,1387586.82318467,2846632.52772833,3303233.16592767,3530858.67465333,19173898.1057007,48247455.2481053,915076632.328796,8463245.886424,16911923.7600987,4607989.65134467,1029031.4364,2174046.88980667,11523534.079287,298689365.863851,12255668.943463,10352121.7186357,1221301.23644,4101114.67849633,6327161.02547233,5371346.15116333,1291101.83065033,332689042.689935,3431443.73654167,214665708.156855,419918811.991762,1309107.546237,9977407.84810133,2437143.01102367,4011932.79745733,244685238.474661,1099224509.27368,243275.255676667,3104620.083406,3480948.31586233,2157888.50200967,2572830.02566133,585396134.95581,105825.218588,234570.616638,4791946.25372133,833103.509651667,4224783.02502833,441354466.172798,19546.9397976667,1332412.72219967,7568306.13824,517598.438290333,12371.9823156667,1008049.792423,130088979.578326,579573.215871333,113335.230598667,151901.431016667,3155894.45410733,1989701.053344,1835.29827866667,129153.329295333,4195042.265163,513124.305153333,787620.077633333,1600203.988317,204083.088234333,238439.942996
M+B 1.5,MB,169206200.141326,1371906.500183,31545802.7244033,2743895.884243,543054.733462,7073281.74684467,1531636.79046467,3143171.53032333,3096918.729092,3770000.62420833,20713378.1000493,47497204.5024033,976176757.902465,8575909.91698233,16260100.8829563,4258988.955424,868773.345946667,2097734.170088,10269957.7245553,339096778.928273,15110575.09851,9899228.12465167,1099452.29041133,3774347.71877233,6230668.992614,5479325.101445,1176871.62963733,298374459.655977,3074053.24044833,183864655.529661,390979801.879821,1185516.03309733,9961345.62377767,2308853.00112967,3418770.11507733,197691868.044266,1053296660.56765,182722.617145,2779881.518158,2594826.07878233,2831864.89800333,2373314.61770033,530961284.685398,105671.554112333,207550.059939333,4249798.50228367,974826.420449,3894052.144544,400004646.22695,10311.8410533333,1167885.93169933,6736562.48891167,485717.028984667,11652.861527,1216834.392468,116990572.60122,520380.313573333,90340.5003286667,124258.648927,2826978.69340167,1757970.81504733,3540.981574,109820.301109333,5851067.940239,435278.052681,842587.891498,1447306.28457433,150763.637744,155116.898759333
M+B 2,MB,176223666.69363,1378964.80422367,34554433.1813137,3673633.86876467,514180.131163333,9537455.607424,1509236.49249533,3156590.96105667,4414778.65931867,3664455.485393,20775850.3998377,59523075.0113483,1044655649.08975,10116234.052644,21161976.0166597,5656036.297245,1496829.302898,2478313.84058367,11638059.9798847,359806486.560595,16275378.306079,18068121.9876477,1790294.983097,6717643.37363367,11623813.3978163,6868405.457988,1774157.50954433,459674482.271722,8506967.99935033,249801987.969428,564162089.532055,3338307.093993,15013099.3365393,5056781.49825467,13030797.67961,284175955.271075,1203550776.38027,255375.936625333,5031472.72706967,7867005.46309467,5548280.630055,4097997.92036867,915507368.238445,226620.237528667,607265.681735,5982789.75296667,1373258.428979,6549582.08695034,406007850.385224,17956.465724,1877007.02138167,7463105.41001433,775979.167477333,18203.612513,1367594.67685667,164678153.483132,768614.539648334,243736.58641,233144.216859,3227917.41042933,2929009.93701667,2700.09773033333,110784.131520333,4498821.14591833,608391.182892667,1033177.506637,3231174.83376467,202682.393049333,171449.920761333
M Control,Control,197066241.183058,2378456.685651,50668460.281981,2348929.669287,618761.751298,5347581.737795,3643617.545322,7827770.268053,2309750.978621,3462287.684355,20226914.86349,32052394.54492,1749304167.20156,587725.377831,645364.829278,1866383.697471,932742.614746,1498488.036118,14449070.100956,1997501024.03139,192678088.881392,6050783.127891,559776.511878,2451517.202161,3590029.737605,1074540.655661,1022771.156931,32825002.03972,1311190.58983,9623898.165752,289209991.43347,401170.965119,32363961.044457,2032731.832785,13527909.150489,133439535.631289,2996760850.80411,96504.78338,1972120.690384,1142469.623596,543517.455282,2622545.101771,492269005.083091,519616.55585,1243448.531147,1370959.33038,1732800.822636,441810.095104,784485190.660439,51582.07064,1007033.272965,2690611.680578,460319.602267,7728.082383,879017.96902,15699367.229218,407938.616365,30585.295934,54258.244811,36350554.972621,112259.361064,12198.526394,166316.651582,709134.208196,1343299.333783,736313.146897,1278309.851519,255016.718269,267441.886989
M+P 0.5,MP,178456455.604546,1696685.50762275,40608362.409978,4892900.99179475,657569.9115755,11325867.9615808,2079801.03561725,4465104.99192075,5098741.87848525,3769623.5426745,21694399.8313257,66298705.5223837,1232134196.82272,6499660.5874475,13552337.5543983,4126966.576519,2509120.64923575,2653621.18897925,11436140.3732875,619094452.342581,35038441.2521967,26612416.3932415,4711814.43606,10632661.737651,16178004.6489645,5830938.52138475,2761017.2895,356051389.493332,18951746.083944,185743749.672717,607748560.672274,6675140.0870235,30459809.0474405,10454378.5332445,38960627.3995945,502705746.662263,1975677951.78907,535431.01388875,7250610.54265425,13388745.1439335,4593786.57186425,6542415.007574,1206936595.1019,681389.29426875,1555424.562936,31941860.0923297,5328174.22896375,8968981.147238,734204180.939826,253853.307173,3623210.178029,12197013.052378,929295.25324875,3372038.19567325,1943710.1910315,164169868.927832,16637553.545667,8937757.9493415,10206966.7501558,5276265.63360475,12286959.568617,491468.69777125,183472.71872125,1899693.0220775,2529701.78653175,1429556.382556,3857936.01541375,264594.1509665,245301.0095305
M+P 1,MP,203615931.993633,1938189.361777,41986703.149711,4783228.14078267,1055807.60856767,12928440.1759793,2172833.91987133,4541770.04297333,5944890.203937,4417139.51096967,23416349.731734,77889202.3698963,1129829778.55784,8402468.370994,19624857.296727,5221412.04008133,1951596.76304933,2747014.736356,9462284.611167,501632136.651902,24375425.9498373,26564036.7440773,5494425.75902567,8431279.430564,15799697.9212687,5853157.67706033,2617961.43612833,420303906.952544,19066547.0307523,217852956.868874,581363399.204051,6618897.33997467,26345421.020401,7078826.49633433,31612735.8846633,433492367.69644,1530913343.84045,396033.080338333,5588739.74771933,12217433.204428,7644346.50551967,5480433.410032,1027238752.64863,706106.326849,1497008.53144367,23591679.118929,3435842.12135733,6724955.61258333,489046111.354941,232677.006984,2734725.98550133,7879692.85716967,760392.021358333,2673835.076859,1309958.986407,143173356.514381,12709162.9868617,5884699.70513367,7140011.85698267,3259145.83962667,9889955.19279733,366261.302428333,111238.69491,1510865.877494,3906864.738954,1285468.28593367,1442196.48164167,253254.936928333,247117.872973
M+P 1.5,MP,160201667.804043,1207902.185745,27416121.1468323,4957195.10238733,845487.544036667,11229868.365285,1242597.41805467,2510605.69429533,5316998.10465267,4222260.36193933,23422858.927427,69299587.591122,764352002.768136,13582245.9454127,29094688.4412553,7756810.71221233,2207829.95858267,2467593.32291733,12927761.537807,266029446.289663,6873522.52637567,23133228.6850463,7216264.680528,10795975.5672513,13764664.9489947,8095488.73078067,2656117.595781,602015814.871528,11625093.2421207,344256919.242769,556754533.226508,5855975.73534833,13933306.3805097,10363802.9336717,18528231.3227033,528707738.28045,1581842177.55247,691179.724979667,6006270.38236267,11978631.7113267,11894395.3232813,4678203.72007433,872164771.831569,401515.684364333,896136.857225667,52217072.0851993,3875559.18239767,13850481.3233727,661184399.66336,279267.333378667,3091869.083257,16642501.6416603,1079338.21384,2106680.205767,1832038.519665,227445255.984154,29879958.9708293,10740655.8826867,13101583.216494,6984318.62787867,13203465.1643633,557466.408123667,199464.387261667,1644489.39297567,1801549.498261,1449835.98375367,2797989.71807233,259269.443560667,257745.250565667
M+P 2,MP,182225933.440618,1299495.076283,29318723.8657005,4826741.4577235,1019076.5840005,13339425.7885435,1354462.384952,2707310.0264465,6155948.2839205,4821833.6655425,26615159.9425385,82899206.754429,719474578.605391,14379773.758863,32200465.9594,9190913.1571255,3454018.740735,2662516.9815285,12732151.2393675,273408765.608411,9180351.610377,24321579.03315,8361265.757142,11815892.548946,14748851.6918595,8012495.5016235,2758657.014951,656898771.4348,16619761.9530895,372469759.77387,560690766.322391,8291770.9289545,15397785.009239,14804065.833821,29039740.837261,521372446.851106,1812449788.4024,727398.7999805,6110756.6412245,14650034.151733,12661526.206837,4753488.662184,880499396.767156,648015.820213,1359980.729803,75352107.323698,6427893.885006,17136473.692619,790964057.626926,457599.927657,3278501.6542555,20911558.52559,1145000.4421395,2415991.1292595,1422875.1617385,275234979.767012,49633420.4401545,15113635.80383,17780578.8559195,11069436.533995,17889017.6746275,965725.659151,252955.9524605,1077162.846889,2801935.5611235,1138907.2764775,2379782.178969,207176.564361,189186.043159
E+B 0.5,EB,147898442.062438,2761761.25030867,30555812.5858517,3162881.628314,827777.407270667,9926936.08422367,4608895.51327667,10962736.6631387,30289.2442333333,4814020.93818933,26144876.9456007,42475090.012058,552620833.859036,6986457.82952733,9637055.74165167,4156141.66682433,994543.646949,3277559.08435333,5431684.533284,480155601.808656,10720867.5645717,477041.157121,1052709.581662,1378552.01349033,33399.62188,5258438.00688467,983322.679755667,220555213.139656,69711.533034,131369859.558576,1952990.905949,15841.2214,110431.493681333,22155.1262713333,53976.122102,258889112.050981,708290107.623879,182304.964213,51604.09335,36033.720719,2237830.30267067,4097995.33512767,131257677.07196,152411.827255,11471.0646463333,2431433.78655467,1017437.82711433,4227801.696994,415476735.731207,17538.709614,1412328.90255867,5149467.48022833,418169.045180667,21789.3400023333,1006815.92605967,115443963.337158,616090.511491,192186.256109,120778.616593667,9834765.521398,1849496.32609,2227.446938,198426.190371,3859287.68620333,433740.345886333,871453.716886333,2491156.75915367,186294.214914333,140094.049626667
E+B 1,EB,132765397.297855,2452436.01041333,27904961.3253397,3729029.94245833,600270.358702333,11380202.1987953,4052233.31430833,9617805.19731967,25205.7172756667,3529149.73478067,19885246.7113823,48439618.1083693,505795600.066548,7777268.74257867,11790318.743522,4876438.918951,1131564.99645767,3257380.08929767,9006075.81159967,449511239.099646,9560179.62881833,593643.146136,1253204.05470167,1942456.75131133,63046.841526,5190071.23426367,1172866.983138,277205335.798786,87064.295079,189678490.621142,2574175.27069267,20178.62684,145939.755174667,30439.5889116667,27573.5713406667,412711848.732744,851566546.323658,227836.396611667,68952.616682,56336.6157946667,3408530.90413667,6348224.23482267,199095039.957501,303111.13379,17803.4621823333,4185130.966889,1015032.325625,6356367.01318867,503574028.333268,10221.957607,2365274.56178367,6076657.65091333,779691.437639333,24082.7071566667,1065522.57226033,168688231.071419,858699.159082333,339019.286502,142128.651979333,7529851.41965267,2274019.80931133,6716.25959866667,220651.192510333,4603980.317929,462223.650721,835440.261263333,3063095.88380433,124643.387713333,94641.7340463333
E+B 1.5,EB,156465200.51135,3327056.585366,35841168.7291523,4807474.896199,665191.854848667,14041147.438749,5476341.99735733,12955104.8227917,43930.3721856667,4720971.35904633,26932389.237252,58521514.6022373,599373591.507202,8794392.64471267,13245160.313293,6413936.625117,2105484.152733,3611321.02062233,11039397.5918633,565379591.918873,12780947.1366147,175885665.470856,3203034.76360467,2760446.92549167,1590632.48759167,6171063.94473367,1519855.43438933,352243809.370371,3890840.167378,234620577.879539,6753731.832072,44042.0705286667,307300.241047667,27924.5007253333,115996.078341,537919394.301619,1139354356.57336,365044.847655667,95871.9904893333,92057.861175,4878081.65944667,9716215.59427167,295146750.250954,671758.012144333,27280.9289013333,4917779.02277933,1243218.66205833,9746859.93766767,656699255.81741,15277.4250496667,3610886.50778133,8318159.99731767,914345.134194334,34138.6936073333,1342854.96101433,224316739.663887,1064074.81784767,641663.407626333,232324.467053667,3300951.26782733,3318220.67138233,10196.869494,237458.700483667,2706620.50797467,699209.687867,740538.092124667,1636168.833385,91867.2707903333,74048.0168786667
E+B 2,EB,153771598.841901,3343135.55031367,35983681.8543757,5027041.891487,768283.001931333,14923767.8908863,5499851.69329,12823311.7112713,52084.1648303333,5253038.87589333,28537903.903345,59476702.9794633,593001429.510199,9861872.67610867,16100157.5559717,6722854.56619733,2373984.025312,3639177.17559,5019917.86228933,544721531.53649,12310100.8394233,1473435.58059267,1844527.71059533,3253830.925359,97009.6612203333,7193579.87724533,1697548.12460467,383216451.445661,210229.379344667,249683560.160355,3437885.634889,20576.110944,181540.159769,34669.6389836667,129342.761969333,463758115.643645,1064587901.3745,529112.058057333,96571.663842,100643.110667,4382340.287382,17374186.4016873,278469508.350438,649736.504251,27278.9907136667,8319111.84270533,2511352.617375,11171794.276131,774211670.768659,17795.6215086667,3652164.28200567,11455523.2010417,785716.966432667,37764.5294903333,1290347.772142,277714307.105159,1344383.58630367,580853.180582667,192765.482567,14417920.9625783,4177283.28494667,6222.177058,408282.828182,1184171.50476533,1073488.36289633,1143081.14932267,5613169.653799,186416.990905333,149791.182642667
E Control,Control,105428661.199045,2355463.072581,28078733.220897,1921122.348605,598558.479307,6121852.123853,5386744.666348,12894872.369571,11142.71906,4040576.051958,22977402.850179,28400114.63706,634990493.543156,1274920.849973,1477957.170923,1921727.277548,452367.58663,2735049.707796,10672001.201633,1296125209.25674,43132652.261546,412432.947848,462901.469909,880309.860747,33446.77877,1695017.576791,796658.790927,69169382.47886,233.672402,22214861.931715,1608521.677448,24637.1348,185705.331246,22840.743914,60821.913818,178959343.15399,1990763718.07077,103630.95754,57910.271637,12941.751463,763642.379484,4059112.478351,132229156.674732,566052.892108,13818.561325,795985.741552,2839349.289256,74745.159175,796766957.103113,29997.965457,1413805.630427,4679461.994251,284750.246401,27123.258974,1085297.040554,32308938.04762,230803.197864,19994.958031,46465.511128,43321060.325182,29196.307383,420.741881,336031.481599,1979399.690577,657680.740583,725481.596714,903405.263414,145332.067774,157728.224076
E+P 0.5,EP,115989828.623778,1572271.610218,21687709.5865683,2731464.5112665,698240.4940495,9484510.9273715,2360836.6277,5551349.377355,29899.378933,3854410.85529825,20708290.2302345,39749419.5109032,527513894.349165,10309269.7234333,17455374.414061,4771553.4996695,1071673.9281435,4492466.4481745,3414564.1938175,344806276.683768,7919083.70365125,756629.63005925,3079887.192859,1407298.14088525,126551.8870135,5650523.34663975,1169851.82276575,323146933.189204,116496.95459375,153339670.155333,3433903.5337425,15866.3247805,168457.2038055,25942.277277,5926.2775285,160665685.87592,904824727.452039,579332.40463675,68266.88043825,48898.425369,1205728.799123,5215425.2331895,162562737.836171,128247.43927825,14016.5327825,9050292.882229,2649671.86391325,3188392.4396315,445102103.91426,73014.17835225,1070773.9445965,5906201.7792635,1076224.2410535,28669.0191115,2217708.9671345,124602903.50997,6568999.5632,2659041.244639,1765562.39723125,4885976.355061,4048994.7308845,159723.27969825,162922.464668,4667219.01191675,771240.4966255,1534480.5901695,1680669.875796,155988.050764,105397.7555765
E+P 1,EP,125351318.185997,1878251.47782833,25583920.1009657,3292757.54264933,616179.455165,12325354.9233267,2854132.57059267,6605154.95898567,40860.1422296667,3961310.12485167,21972709.8054443,50235348.395784,599844129.189774,10116508.6966893,19108552.0112653,5370688.22482933,1718309.13939833,4881632.38018333,3683660.44673767,414737983.161017,9573614.223953,1117943.84466767,6106517.32035233,1942678.72988567,201532.404824,6138802.39610433,1676740.66090533,401195327.19921,204496.199363667,205560340.036817,5517115.87523167,40067.6245173333,298124.149158,41659.8171923333,114317.438710333,249160781.25743,1107160813.66755,701749.544487667,110560.993597333,84720.980838,7404024.20389133,6052113.606929,271286262.15096,315889.453546667,23426.712519,10619806.5570557,3139817.90215,5082237.113021,484501468.559365,193752.711678667,1700938.37768833,6384985.48945933,1065128.55931,38125.1411433333,1835807.22969967,155582066.344692,9520028.652428,5820897.135354,3401472.58295633,3394451.90350667,6974770.116831,381740.845856333,160260.222552667,4757700.74237067,1900327.12050133,1044964.118308,1106694.59633633,106148.267758667,57315.4789343333
E+P 1.5,EP,134982571.891402,1980196.85009933,26931002.9644193,4366284.93452,584900.795295667,14163704.6810917,2984164.44821967,6991566.60605,47416.5569436667,3964116.48311333,21844095.8407157,57177439.2791443,609833877.395973,12490947.735787,26583506.4743417,6942530.96546833,2418672.90750167,5315356.50946267,6570150.29517733,426994161.312914,10219986.4590203,1074878.841897,9772170.802084,2758977.50864067,251624.023710333,7438119.189151,1992458.24854667,493530111.271278,296998.279998,287148982.13702,6630715.31730933,67944.312351,319161.760046,53042.9445046667,177489.159900667,339530628.357389,1178790365.76883,460878.914191333,128143.897234667,115273.070028333,6154195.977172,7559253.854785,346828188.780716,421767.264285667,32274.4774983333,12435259.1641323,1859216.84969067,6725574.310105,526518783.873911,273920.478631667,2284489.363167,7164471.69567067,834981.617059333,55431.5111416667,1130361.60137233,180789744.771605,12149349.410514,6472262.72884467,3775200.533222,3380676.91218667,8349576.777039,437698.998066333,162299.761193,2250522.38929433,1011677.29795167,766170.204113667,1072539.48738567,87709.883051,85968.4447713333
E+P 2,EP,122223592.631744,1761410.333772,25634013.196333,4866929.2248405,334848.051162,15396606.8251705,2659235.414814,6326691.450459,43596.6677025,2606360.6385245,14516771.642597,62035373.5425845,570400574.716437,11372376.563616,26297239.4506685,7528883.7930185,2692692.521906,5490391.710499,6103781.6358695,417239830.085301,9990072.0586925,1126318.8085545,12270513.513791,3652076.776708,326262.8964115,7595367.960862,2318733.1267535,576516360.887789,427983.660072,297004871.237934,7769059.529467,90422.194005,414029.5312645,62365.855438,392404.666167,448710243.269692,1169471305.23823,488862.0182875,161678.510931,147842.8455145,9850978.2425365,9656066.1797405,439732390.553906,746339.537687,50219.620016,13147594.6314745,2164643.7145125,8153653.0055415,484649156.556691,384919.241044,3089725.0584035,6598626.116384,1001464.032481,66850.955043,1197634.2918375,236935790.442948,16245970.393168,6460311.419188,4241310.8954965,2363371.2299195,7803324.6944355,598460.3497595,170268.2326685,610028.182675,1317729.801878,837339.015005,1603563.519841,141042.685619,166820.687357
